[{"id":1674439039939,"name":"execcode_text","select":true,"xml":"<xml xmlns=\"https://developers.google.com/blockly/xml\">\n  <block type=\"factory_base\" id=\"n^WO~gr_bBQ4YWX(o/j:\" deletable=\"false\" movable=\"false\" x=\"10\" y=\"10\">\n    <mutation connections=\"BOTH\"/>\n    <field name=\"NAME\">execCode_Text</field>\n    <field name=\"INLINE\">AUTO</field>\n    <field name=\"CONNECTIONS\">BOTH</field>\n    <statement name=\"INPUTS\">\n      <block type=\"input_dummy\" id=\"X)sX.5!}ziL!_$5UL+hR\">\n        <field name=\"ALIGN\">LEFT</field>\n        <statement name=\"FIELDS\">\n          <block type=\"field_static\" id=\"F|Ich{^kco$;oC[G3:?_\">\n            <field name=\"TEXT\">执行代码</field>\n            <next>\n              <block type=\"field_input\" id=\"0yd?BVb(qTN+IfjcP~SW\">\n                <field name=\"TEXT\">code</field>\n                <field name=\"FIELDNAME\">code</field>\n              </block>\n            </next>\n          </block>\n        </statement>\n      </block>\n    </statement>\n    <value name=\"TOPTYPE\">\n      <shadow type=\"type_null\" id=\"#3)n.{.12Kv-ru#M*`LV\"/>\n    </value>\n    <value name=\"BOTTOMTYPE\">\n      <shadow type=\"type_null\" id=\"iCy:%?lmIz0wjcvjvVc3\"/>\n    </value>\n    <value name=\"COLOUR\">\n      <block type=\"colour_hue\" id=\"IHw6D[vujb]Y-(ZinL$s\">\n        <mutation colour=\"#5b80a5\"/>\n        <field name=\"HUE\">210</field>\n      </block>\n    </value>\n    <value name=\"STATEMENT\">\n      <block type=\"statement_python\" id=\"Dg(z8qxRec;gdULI(#]M\">\n        <mutation options=\"1\"/>\n        <field name=\"USER0\">Blockly.Python.definitions_['banquan'] = '# 此程序使用了GxxkSystemBlockAPI（缩写GSBlockAPI）或此模块（插件）的修改版';</field>\n      </block>\n    </value>\n    <value name=\"CODE\">\n      <block type=\"custom_code_left\" id=\"829U5#Q2ug*FB.C??f.*\">\n        <field name=\"PY_CODE\">text_code</field>\n      </block>\n    </value>\n  </block>\n</xml>","blocksCode":"Blockly.Blocks['execcode_text'] = {\n    init: function() {\n        this.appendDummyInput()\n            .appendField(\"执行代码\")\n            .appendField(new Blockly.FieldTextInput(\"code\"), \"code\");\n        this.setPreviousStatement(true, null);\n        this.setNextStatement(true, null);\n        this.setColour(210);\n        this.setTooltip('');\n        this.setHelpUrl('http://www.example.com/');\n    }\n};","generatorsCode":"Blockly.Python['execcode_text'] = function(block) {\n    var text_code = block.getFieldValue('code');\n    // TODO: Assemble Python into code variable.\n    Blockly.Python.definitions_['banquan'] = '# 此程序使用了GxxkSystemBlockAPI（缩写GSBlockAPI）或此模块（插件）的修改版';\n    var code = text_code;\n    return code;\n};"},{"id":1674206469224,"name":"getvarvalue","select":false,"xml":"<xml xmlns=\"https://developers.google.com/blockly/xml\">\n  <block type=\"factory_base\" id=\"l$/VAim])_3}IT]=/)bZ\" deletable=\"false\" movable=\"false\" x=\"10\" y=\"10\">\n    <mutation connections=\"LEFT\"/>\n    <field name=\"NAME\">getVarValue</field>\n    <field name=\"INLINE\">AUTO</field>\n    <field name=\"CONNECTIONS\">LEFT</field>\n    <statement name=\"INPUTS\">\n      <block type=\"input_dummy\" id=\"4CU;.XqDr!fCxSzSr!0^\">\n        <field name=\"ALIGN\">LEFT</field>\n        <statement name=\"FIELDS\">\n          <block type=\"field_static\" id=\"]]}Fzk|_kcW[{jjX4[e!\">\n            <field name=\"TEXT\">获取变量</field>\n            <next>\n              <block type=\"field_input\" id=\"t^54p7NaJi1Fs^Bg_yqo\">\n                <field name=\"TEXT\">hello</field>\n                <field name=\"FIELDNAME\">value</field>\n              </block>\n            </next>\n          </block>\n        </statement>\n      </block>\n    </statement>\n    <value name=\"OUTPUTTYPE\">\n      <shadow type=\"type_null\" id=\",OSNF`+@M7p|*brwS]-^\"/>\n    </value>\n    <value name=\"COLOUR\">\n      <block type=\"colour_hue\" id=\"OuJ|}sJ;KZLXJC8qSQEx\">\n        <mutation colour=\"#5b80a5\"/>\n        <field name=\"HUE\">210</field>\n      </block>\n    </value>\n    <value name=\"STATEMENT\">\n      <block type=\"statement_python\" id=\"6U+hqNl3g519lXIiX$$n\">\n        <mutation options=\"1\"/>\n        <field name=\"USER0\">Blockly.Python.definitions_['banquan'] = '# 此程序使用了GxxkSystemBlockAPI（缩写GSBlockAPI）或此模块（插件）的修改版';</field>\n      </block>\n    </value>\n    <value name=\"CODE\">\n      <block type=\"custom_code_left\" id=\"P/.IH[Qbdl,uacZW/C9`\">\n        <field name=\"PY_CODE\">text_value</field>\n      </block>\n    </value>\n  </block>\n</xml>","blocksCode":"Blockly.Blocks['getvarvalue'] = {\n    init: function() {\n        this.appendDummyInput()\n            .appendField(\"获取变量\")\n            .appendField(new Blockly.FieldTextInput(\"hello\"), \"value\");\n        this.setOutput(true, null);\n        this.setColour(210);\n        this.setTooltip('');\n        this.setHelpUrl('http://www.example.com/');\n    }\n};","generatorsCode":"Blockly.Python['getvarvalue'] = function(block) {\n    var text_value = block.getFieldValue('value');\n    // TODO: Assemble Python into code variable.\n    Blockly.Python.definitions_['banquan'] = '# 此程序使用了GxxkSystemBlockAPI（缩写GSBlockAPI）或此模块（插件）的修改版';\n    var code = text_value;\n    // TODO: Change ORDER_NONE to the correct strength.\n    return [code, Blockly.Python.ORDER_NONE];\n};"},{"id":1674205700985,"name":"waituserinput","select":false,"xml":"<xml xmlns=\"https://developers.google.com/blockly/xml\">\n  <block type=\"factory_base\" id=\"LBF,.a4(:QrFcX-B[A73\" deletable=\"false\" movable=\"false\" x=\"10\" y=\"10\">\n    <mutation connections=\"BOTH\"/>\n    <field name=\"NAME\">waitUserInput</field>\n    <field name=\"INLINE\">AUTO</field>\n    <field name=\"CONNECTIONS\">BOTH</field>\n    <statement name=\"INPUTS\">\n      <block type=\"input_dummy\" id=\"2lW:=|_aO1Vd/=c`k~#Y\">\n        <field name=\"ALIGN\">LEFT</field>\n        <statement name=\"FIELDS\">\n          <block type=\"field_static\" id=\"M*KUya)Gzov8[FObGqrP\">\n            <field name=\"TEXT\">等待用户操作 识别：</field>\n            <next>\n              <block type=\"field_dropdown\" id=\"AgBl3W1sV`Ql$G0$EyDP\">\n                <mutation options=\"3\"/>\n                <field name=\"FIELDNAME\">name</field>\n                <field name=\"USER0\">触摸按键+按键</field>\n                <field name=\"CPU0\">0</field>\n                <field name=\"USER1\">触摸按键</field>\n                <field name=\"CPU1\">1</field>\n                <field name=\"USER2\">按键</field>\n                <field name=\"CPU2\">2</field>\n              </block>\n            </next>\n          </block>\n        </statement>\n      </block>\n    </statement>\n    <value name=\"TOPTYPE\">\n      <shadow type=\"type_null\" id=\"u|M;L%0LYnj5I+m|Ubc*\"/>\n    </value>\n    <value name=\"BOTTOMTYPE\">\n      <shadow type=\"type_null\" id=\"dEJ#Nuh$F)E[r!xPBwN#\"/>\n    </value>\n    <value name=\"COLOUR\">\n      <block type=\"colour_hue\" id=\"{c[~/nWHAaHihQqpN0.3\">\n        <mutation colour=\"#5b80a5\"/>\n        <field name=\"HUE\">210</field>\n      </block>\n    </value>\n    <value name=\"STATEMENT\">\n      <block type=\"statement_python\" id=\"}Mf{7*8@h8@8soPR=V9,\">\n        <mutation options=\"3\"/>\n        <field name=\"USER0\">Blockly.Python.definitions_['import_mpython'] = 'from mpython import *';</field>\n        <field name=\"USER1\">Blockly.Python.definitions_['waitFunc'] = 'def wait(mode=\"0\"):\\n    modes=[\"touchPad_P.read()&lt;100 or touchPad_Y.read()&lt;100 or touchPad_T.read()&lt;100 or touchPad_H.read()&lt;100 or touchPad_O.read()&lt;100 or touchPad_N.read()&lt;100\",\"button_a.is_pressed() or button_b.is_pressed()\"]\\n    if mode==\"0\":modes=modes[0]+\\' or \\'+modes[1]\\n    elif mode==\"1\":modes=modes[0]\\n    elif mode==\"2\":modes=modes[1]\\n    else:modes=modes[0]+\\' or \\'+modes[1]\\n    while not eval(modes):pass';</field>\n        <field name=\"USER2\">Blockly.Python.definitions_['banquan'] = '# 此程序使用了GxxkSystemBlockAPI（缩写GSBlockAPI）或此模块（插件）的修改版';</field>\n      </block>\n    </value>\n    <value name=\"CODE\">\n      <block type=\"custom_code_left\" id=\"*8y;_d@L%FW_.:~d)HW{\">\n        <field name=\"PY_CODE\">\"wait(mode=\"+dropdown_name+\")\"</field>\n      </block>\n    </value>\n  </block>\n</xml>","blocksCode":"Blockly.Blocks['waituserinput'] = {\n    init: function() {\n        this.appendDummyInput()\n            .appendField(\"等待用户操作 识别：\")\n            .appendField(new Blockly.FieldDropdown([[\"触摸按键+按键\", \"0\"], [\"触摸按键\", \"1\"], [\"按键\", \"2\"]]), \"name\");\n        this.setPreviousStatement(true, null);\n        this.setNextStatement(true, null);\n        this.setColour(210);\n        this.setTooltip('');\n        this.setHelpUrl('http://www.example.com/');\n    }\n};","generatorsCode":"Blockly.Python['waituserinput'] = function(block) {\n    var dropdown_name = block.getFieldValue('name');\n    // TODO: Assemble Python into code variable.\n    Blockly.Python.definitions_['import_mpython'] = 'from mpython import *';\n    Blockly.Python.definitions_['waitFunc'] = 'def wait(mode=\"0\"):\\n    modes=[\"touchPad_P.read()<100 or touchPad_Y.read()<100 or touchPad_T.read()<100 or touchPad_H.read()<100 or touchPad_O.read()<100 or touchPad_N.read()<100\",\"button_a.is_pressed() or button_b.is_pressed()\"]\\n    if mode==\"0\":modes=modes[0]+\\' or \\'+modes[1]\\n    elif mode==\"1\":modes=modes[0]\\n    elif mode==\"2\":modes=modes[1]\\n    else:modes=modes[0]+\\' or \\'+modes[1]\\n    while not eval(modes):pass';\n    Blockly.Python.definitions_['banquan'] = '# 此程序使用了GxxkSystemBlockAPI（缩写GSBlockAPI）或此模块（插件）的修改版';\n    var code = \"wait(mode=\"+dropdown_name+\")\";\n    return code;\n};"},{"id":1674205280456,"name":"back2gxxksystem","select":false,"xml":"<xml xmlns=\"https://developers.google.com/blockly/xml\">\n  <block type=\"factory_base\" id=\"-hxpfE@mL/E}i$@V;ugt\" deletable=\"false\" movable=\"false\" x=\"10\" y=\"10\">\n    <mutation connections=\"BOTH\"/>\n    <field name=\"NAME\">back2GxxkSystem</field>\n    <field name=\"INLINE\">EXT</field>\n    <field name=\"CONNECTIONS\">BOTH</field>\n    <statement name=\"INPUTS\">\n      <block type=\"input_dummy\" id=\"Q}#=r#V_g!iLeuxpD,1p\">\n        <field name=\"ALIGN\">LEFT</field>\n        <statement name=\"FIELDS\">\n          <block type=\"field_static\" id=\"5j$`@t#UHhr)l*;_};:W\">\n            <field name=\"TEXT\">运行GxxkSystem</field>\n            <next>\n              <block type=\"field_dropdown\" id=\"#P|$mVRf(oa!SYF3knrz\">\n                <mutation options=\"4\"/>\n                <field name=\"FIELDNAME\">option</field>\n                <field name=\"USER0\">主界面</field>\n                <field name=\"CPU0\">GxxkSystem.main.main()</field>\n                <field name=\"USER1\">锁屏界面</field>\n                <field name=\"CPU1\">GxxkSystem.main.lockScreen()</field>\n                <field name=\"USER2\">插件商店</field>\n                <field name=\"CPU2\">GxxkSystem.main.pluginStore()</field>\n                <field name=\"USER3\">本地插件</field>\n                <field name=\"CPU3\">GxxkSystem.main.localPlugin()</field>\n              </block>\n            </next>\n          </block>\n        </statement>\n      </block>\n    </statement>\n    <value name=\"TOPTYPE\">\n      <shadow type=\"type_null\" id=\"fIGV]Y0`RWuy5t;Y~8Sc\"/>\n    </value>\n    <value name=\"BOTTOMTYPE\">\n      <shadow type=\"type_null\" id=\"(ZP+yGeHzE2:(Qxmxn1c\"/>\n    </value>\n    <value name=\"COLOUR\">\n      <block type=\"colour_hue\" id=\"Y|rPA@C}Y^h1~Yjqz`G`\">\n        <mutation colour=\"#5b80a5\"/>\n        <field name=\"HUE\">210</field>\n      </block>\n    </value>\n    <value name=\"STATEMENT\">\n      <block type=\"statement_python\" id=\"~?1)_@|H+DTYwv@da3MD\">\n        <mutation options=\"2\"/>\n        <field name=\"USER0\">Blockly.Python.definitions_['GxxkSystemMain'] = 'import GxxkSystem.main';</field>\n        <field name=\"USER1\">Blockly.Python.definitions_['banquan'] = '# 此程序使用了GxxkSystemBlockAPI（缩写GSBlockAPI）或此模块（插件）的修改版';</field>\n      </block>\n    </value>\n    <value name=\"CODE\">\n      <block type=\"custom_code_left\" id=\"Lhs4J)+^=*{9DKhK#Xnl\">\n        <field name=\"PY_CODE\">dropdown_option+\"\\n\"</field>\n      </block>\n    </value>\n  </block>\n</xml>","blocksCode":"Blockly.Blocks['back2gxxksystem'] = {\n    init: function() {\n        this.appendDummyInput()\n            .appendField(\"运行GxxkSystem\")\n            .appendField(new Blockly.FieldDropdown([[\"主界面\", \"GxxkSystem.main.main()\"], [\"锁屏界面\", \"GxxkSystem.main.lockScreen()\"], [\"插件商店\", \"GxxkSystem.main.pluginStore()\"], [\"本地插件\", \"GxxkSystem.main.localPlugin()\"]]), \"option\");\n      this.setInputsInline(false);\n        this.setPreviousStatement(true, null);\n        this.setNextStatement(true, null);\n        this.setColour(210);\n        this.setTooltip('');\n        this.setHelpUrl('http://www.example.com/');\n    }\n};","generatorsCode":"Blockly.Python['back2gxxksystem'] = function(block) {\n    var dropdown_option = block.getFieldValue('option');\n    // TODO: Assemble Python into code variable.\n    Blockly.Python.definitions_['GxxkSystemMain'] = 'import GxxkSystem.main';\n    Blockly.Python.definitions_['banquan'] = '# 此程序使用了GxxkSystemBlockAPI（缩写GSBlockAPI）或此模块（插件）的修改版';\n    var code = dropdown_option+\"\\n\";\n    return code;\n};"},{"id":1674204554282,"name":"writepluginconfig","select":false,"xml":"<xml xmlns=\"https://developers.google.com/blockly/xml\">\n  <block type=\"factory_base\" id=\"_+g;(C,Wfycg,7(m)rc7\" deletable=\"false\" movable=\"false\" x=\"10\" y=\"10\">\n    <mutation connections=\"BOTH\"/>\n    <field name=\"NAME\">writePluginConfig</field>\n    <field name=\"INLINE\">AUTO</field>\n    <field name=\"CONNECTIONS\">BOTH</field>\n    <statement name=\"INPUTS\">\n      <block type=\"input_dummy\" id=\"iDBh=G4Z9hX|(s)/=$d*\">\n        <field name=\"ALIGN\">LEFT</field>\n        <statement name=\"FIELDS\">\n          <block type=\"field_static\" id=\"cFbxo[;L(spGt^;u$wP1\">\n            <field name=\"TEXT\">写入插件配置</field>\n            <next>\n              <block type=\"field_input\" id=\"{SiQjJl1QS|+8U7!WI*y\">\n                <field name=\"TEXT\">id</field>\n                <field name=\"FIELDNAME\">id</field>\n              </block>\n            </next>\n          </block>\n        </statement>\n        <next>\n          <block type=\"input_value\" id=\"3jKm.417i=enS)d%C-9+\">\n            <field name=\"INPUTNAME\">data</field>\n            <field name=\"ALIGN\">LEFT</field>\n            <statement name=\"FIELDS\">\n              <block type=\"field_static\" id=\"/PZ_,XKO:t=6*]#-(-*0\">\n                <field name=\"TEXT\">插件配置</field>\n              </block>\n            </statement>\n            <value name=\"TYPE\">\n              <shadow type=\"type_null\" id=\"s0n0oY;]xGEz?XhN}dY#\"/>\n              <block type=\"type_list\" id=\"mC:PhD;|4D29}~w6n)J/\"/>\n            </value>\n          </block>\n        </next>\n      </block>\n    </statement>\n    <value name=\"TOPTYPE\">\n      <shadow type=\"type_null\" id=\"YUY7OXh]7jwdoeEo5+Y8\"/>\n    </value>\n    <value name=\"BOTTOMTYPE\">\n      <shadow type=\"type_null\" id=\"{9*]tBL4TcTsn{:ci(Bu\"/>\n    </value>\n    <value name=\"COLOUR\">\n      <block type=\"colour_hue\" id=\"@frS9a-gV~$K6W8I2Xco\">\n        <mutation colour=\"#5b80a5\"/>\n        <field name=\"HUE\">210</field>\n      </block>\n    </value>\n    <value name=\"STATEMENT\">\n      <block type=\"statement_python\" id=\"]}Pt{H8uG8Z$q~PN[J=1\">\n        <mutation options=\"3\"/>\n        <field name=\"USER0\">Blockly.Python.definitions_['GxxkSystemPluginApi'] = 'import GxxkSystemPluginApi';</field>\n        <field name=\"USER1\">Blockly.Python.definitions_['banquan'] = '# 此程序使用了GxxkSystemBlockAPI（缩写GSBlockAPI）或此模块（插件）的修改版';</field>\n        <field name=\"USER2\">Blockly.Python.definitions_['banquan'] = '# 此程序使用了GxxkSystemBlockAPI（缩写GSBlockAPI）或此模块（插件）的修改版';</field>\n      </block>\n    </value>\n    <value name=\"CODE\">\n      <block type=\"custom_code_left\" id=\"*UWk5L2|c{ERtO3?~48r\">\n        <field name=\"PY_CODE\">'GxxkSystem.pluginApi.writePluginConfig(\"'+text_id+'\",'+value_data+')'+\"\\n\"</field>\n      </block>\n    </value>\n  </block>\n</xml>","blocksCode":"Blockly.Blocks['writepluginconfig'] = {\n    init: function() {\n        this.appendDummyInput()\n            .appendField(\"写入插件配置\")\n            .appendField(new Blockly.FieldTextInput(\"id\"), \"id\");\n        this.appendValueInput(\"data\")\n            .setCheck(\"Array\")\n            .appendField(\"插件配置\");\n        this.setPreviousStatement(true, null);\n        this.setNextStatement(true, null);\n        this.setColour(210);\n        this.setTooltip('');\n        this.setHelpUrl('http://www.example.com/');\n    }\n};","generatorsCode":"Blockly.Python['writepluginconfig'] = function(block) {\n    var text_id = block.getFieldValue('id');\n    var value_data = Blockly.Python.valueToCode(block, 'data', Blockly.Python.ORDER_ATOMIC);\n    // TODO: Assemble Python into code variable.\n    Blockly.Python.definitions_['GxxkSystemPluginApi'] = 'import GxxkSystemPluginApi';\n    Blockly.Python.definitions_['banquan'] = '# 此程序使用了GxxkSystemBlockAPI（缩写GSBlockAPI）或此模块（插件）的修改版';\n    Blockly.Python.definitions_['banquan'] = '# 此程序使用了GxxkSystemBlockAPI（缩写GSBlockAPI）或此模块（插件）的修改版';\n    var code = 'GxxkSystem.pluginApi.writePluginConfig(\"'+text_id+'\",'+value_data+')'+\"\\n\";\n    return code;\n};"},{"id":1674199974181,"name":"getmemfree","select":false,"xml":"<xml xmlns=\"https://developers.google.com/blockly/xml\">\n  <block type=\"factory_base\" id=\"l[mrqby-_c{LnIu,bSRn\" deletable=\"false\" movable=\"false\" x=\"10\" y=\"10\">\n    <mutation connections=\"LEFT\"/>\n    <field name=\"NAME\">getMemFree</field>\n    <field name=\"INLINE\">AUTO</field>\n    <field name=\"CONNECTIONS\">LEFT</field>\n    <statement name=\"INPUTS\">\n      <block type=\"input_dummy\" id=\"E0il~2ncE$9Woojl]C1K\">\n        <field name=\"ALIGN\">LEFT</field>\n        <statement name=\"FIELDS\">\n          <block type=\"field_static\" id=\"ebW!Bj._g88cZ4}cw;mY\">\n            <field name=\"TEXT\">可用内存</field>\n          </block>\n        </statement>\n      </block>\n    </statement>\n    <value name=\"OUTPUTTYPE\">\n      <shadow type=\"type_null\" id=\"{)PrV0e7Y-(/Pc_]DPcX\"/>\n      <block type=\"type_number\" id=\"gqn3%!ZI^XQ1Q*M@y(oE\"/>\n    </value>\n    <value name=\"COLOUR\">\n      <block type=\"colour_hue\" id=\"k9IuD5auuh67Pq*~8b;8\">\n        <mutation colour=\"#5b80a5\"/>\n        <field name=\"HUE\">210</field>\n      </block>\n    </value>\n    <value name=\"STATEMENT\">\n      <block type=\"statement_python\" id=\"IhY[U$u?!GNzZXHv!guw\">\n        <mutation options=\"2\"/>\n        <field name=\"USER0\">Blockly.Python.definitions_['gc'] = 'import gc';</field>\n        <field name=\"USER1\">Blockly.Python.definitions_['banquan'] = '# 此程序使用了GxxkSystemBlockAPI（缩写GSBlockAPI）或此模块（插件）的修改版';</field>\n      </block>\n    </value>\n    <value name=\"CODE\">\n      <block type=\"custom_code_left\" id=\"4Gci8vIR5!VEHs~sAYaG\">\n        <field name=\"PY_CODE\">'gc.mem_free()'</field>\n      </block>\n    </value>\n  </block>\n</xml>","blocksCode":"Blockly.Blocks['getmemfree'] = {\n    init: function() {\n        this.appendDummyInput()\n            .appendField(\"可用内存\");\n        this.setOutput(true, \"Number\");\n        this.setColour(210);\n        this.setTooltip('');\n        this.setHelpUrl('http://www.example.com/');\n    }\n};","generatorsCode":"Blockly.Python['getmemfree'] = function(block) {\n    // TODO: Assemble Python into code variable.\n    Blockly.Python.definitions_['gc'] = 'import gc';\n    Blockly.Python.definitions_['banquan'] = '# 此程序使用了GxxkSystemBlockAPI（缩写GSBlockAPI）或此模块（插件）的修改版';\n    var code = 'gc.mem_free()';\n    // TODO: Change ORDER_NONE to the correct strength.\n    return [code, Blockly.Python.ORDER_NONE];\n};"},{"id":1674198988205,"name":"hashstr","select":false,"xml":"<xml xmlns=\"https://developers.google.com/blockly/xml\">\n  <block type=\"factory_base\" id=\"_]A:[VjBsl1j}{XY@__b\" deletable=\"false\" movable=\"false\" x=\"10\" y=\"10\">\n    <mutation connections=\"LEFT\"/>\n    <field name=\"NAME\">hashStr</field>\n    <field name=\"INLINE\">AUTO</field>\n    <field name=\"CONNECTIONS\">LEFT</field>\n    <statement name=\"INPUTS\">\n      <block type=\"input_value\" id=\"Yh?%#up9iM$fAQh#*@2m\">\n        <field name=\"INPUTNAME\">value</field>\n        <field name=\"ALIGN\">LEFT</field>\n        <statement name=\"FIELDS\">\n          <block type=\"field_static\" id=\"HR9L@L=@hpM]!wdJh@Oz\">\n            <field name=\"TEXT\">哈希</field>\n          </block>\n        </statement>\n        <value name=\"TYPE\">\n          <shadow type=\"type_null\" id=\"i=W!~Et]IP2NwEN2za`K\"/>\n        </value>\n      </block>\n    </statement>\n    <value name=\"OUTPUTTYPE\">\n      <shadow type=\"type_null\" id=\"C[fU%$9Mh.)As=ZO[?_B\"/>\n    </value>\n    <value name=\"COLOUR\">\n      <block type=\"colour_hue\" id=\"0Hf$#3)+Ym31#%$tCXbI\">\n        <mutation colour=\"#5b80a5\"/>\n        <field name=\"HUE\">210</field>\n      </block>\n    </value>\n    <value name=\"STATEMENT\">\n      <block type=\"statement_python\" id=\"H/bYjKvD,aOKHkx[vefk\">\n        <mutation options=\"1\"/>\n        <field name=\"USER0\">Blockly.Python.definitions_['banquan'] = '# 此程序使用了GxxkSystemBlockAPI（缩写GSBlockAPI）或此模块（插件）的修改版';</field>\n      </block>\n    </value>\n    <value name=\"CODE\">\n      <block type=\"custom_code_left\" id=\"oP9L;eju[a%m$$LX1Xm`\">\n        <field name=\"PY_CODE\">'hash('+value_value+')'</field>\n      </block>\n    </value>\n  </block>\n</xml>","blocksCode":"Blockly.Blocks['hashstr'] = {\n    init: function() {\n        this.appendValueInput(\"value\")\n            .setCheck(null)\n            .appendField(\"哈希\");\n        this.setOutput(true, null);\n        this.setColour(210);\n        this.setTooltip('');\n        this.setHelpUrl('http://www.example.com/');\n    }\n};","generatorsCode":"Blockly.Python['hashstr'] = function(block) {\n    var value_value = Blockly.Python.valueToCode(block, 'value', Blockly.Python.ORDER_ATOMIC);\n    // TODO: Assemble Python into code variable.\n    Blockly.Python.definitions_['banquan'] = '# 此程序使用了GxxkSystemBlockAPI（缩写GSBlockAPI）或此模块（插件）的修改版';\n    var code = 'hash('+value_value+')';\n    // TODO: Change ORDER_NONE to the correct strength.\n    return [code, Blockly.Python.ORDER_NONE];\n};"},{"id":1674198228132,"name":"set_insurance_ram_allocation_value","select":false,"xml":"<xml xmlns=\"https://developers.google.com/blockly/xml\">\n  <block type=\"factory_base\" id=\"2+Aqx]6k/JBeWOto~Wps\" deletable=\"false\" movable=\"false\" x=\"10\" y=\"10\">\n    <mutation connections=\"BOTH\"/>\n    <field name=\"NAME\">set_Insurance_RAM_Allocation_value</field>\n    <field name=\"INLINE\">AUTO</field>\n    <field name=\"CONNECTIONS\">BOTH</field>\n    <statement name=\"INPUTS\">\n      <block type=\"input_dummy\" id=\"8:,xS+(zmY9w}Xq/QSHs\">\n        <field name=\"ALIGN\">LEFT</field>\n        <statement name=\"FIELDS\">\n          <block type=\"field_static\" id=\"w]`g?+7E{Y#@xF6cU.jZ\">\n            <field name=\"TEXT\">设置保险RAM分配为</field>\n            <next>\n              <block type=\"field_number\" id=\"*a|k9,rnRR-{wl@vW]2-\">\n                <field name=\"VALUE\">0</field>\n                <field name=\"FIELDNAME\">NAME</field>\n                <field name=\"MIN\">50</field>\n                <field name=\"MAX\">Infinity</field>\n                <field name=\"PRECISION\">0</field>\n              </block>\n            </next>\n          </block>\n        </statement>\n      </block>\n    </statement>\n    <value name=\"TOPTYPE\">\n      <shadow type=\"type_null\" id=\"sMm^m3Euu~mvG=MHTPrS\"/>\n    </value>\n    <value name=\"BOTTOMTYPE\">\n      <shadow type=\"type_null\" id=\"xxkNeUa~hc*]=k14;+x3\"/>\n    </value>\n    <value name=\"COLOUR\">\n      <block type=\"colour_hue\" id=\"vBgf,aB^aCJ{o;MXIdYG\">\n        <mutation colour=\"#5b80a5\"/>\n        <field name=\"HUE\">210</field>\n      </block>\n    </value>\n    <value name=\"STATEMENT\">\n      <block type=\"statement_python\" id=\"%G}u{d8k1U}9H|77XO#z\">\n        <mutation options=\"2\"/>\n        <field name=\"USER0\">Blockly.Python.definitions_['micropython'] = 'import micropython';</field>\n        <field name=\"USER1\">Blockly.Python.definitions_['banquan'] = '# 此程序使用了GxxkSystemBlockAPI（缩写GSBlockAPI）或此模块（插件）的修改版';</field>\n      </block>\n    </value>\n    <value name=\"CODE\">\n      <block type=\"custom_code_left\" id=\"R-UZn(hwLSGb5#P~[$.t\">\n        <field name=\"PY_CODE\">'micropython.alloc_emergency_exception_buf('+number_name+')'+\"\\n\"</field>\n      </block>\n    </value>\n  </block>\n</xml>","blocksCode":"Blockly.Blocks['set_insurance_ram_allocation_value'] = {\n    init: function() {\n        this.appendDummyInput()\n            .appendField(\"设置保险RAM分配为\")\n            .appendField(new Blockly.FieldNumber(0, 50), \"NAME\");\n        this.setPreviousStatement(true, null);\n        this.setNextStatement(true, null);\n        this.setColour(210);\n        this.setTooltip('');\n        this.setHelpUrl('http://www.example.com/');\n    }\n};","generatorsCode":"Blockly.Python['set_insurance_ram_allocation_value'] = function(block) {\n    var number_name = block.getFieldValue('NAME');\n    // TODO: Assemble Python into code variable.\n    Blockly.Python.definitions_['micropython'] = 'import micropython';\n    Blockly.Python.definitions_['banquan'] = '# 此程序使用了GxxkSystemBlockAPI（缩写GSBlockAPI）或此模块（插件）的修改版';\n    var code = 'micropython.alloc_emergency_exception_buf('+number_name+')'+\"\\n\";\n    return code;\n};"},{"id":1674198011212,"name":"setoptlvl","select":false,"xml":"<xml xmlns=\"https://developers.google.com/blockly/xml\">\n  <block type=\"factory_base\" id=\"Z6D]Rg%(?r)t8+!OHL[-\" deletable=\"false\" movable=\"false\" x=\"10\" y=\"10\">\n    <mutation connections=\"BOTH\"/>\n    <field name=\"NAME\">setOptLvl</field>\n    <field name=\"INLINE\">AUTO</field>\n    <field name=\"CONNECTIONS\">BOTH</field>\n    <statement name=\"INPUTS\">\n      <block type=\"input_dummy\" id=\"G)*`Zfh_w3$@n!tHRQlY\">\n        <field name=\"ALIGN\">LEFT</field>\n        <statement name=\"FIELDS\">\n          <block type=\"field_static\" id=\"U_S*!zC1T{k8aa%Qu:l9\">\n            <field name=\"TEXT\">设置编译模式为</field>\n            <next>\n              <block type=\"field_dropdown\" id=\"dVX{cp,DoL%lK=uW|d@j\">\n                <mutation options=\"3\"/>\n                <field name=\"FIELDNAME\">value</field>\n                <field name=\"USER0\">开启</field>\n                <field name=\"CPU0\">0</field>\n                <field name=\"USER1\">关闭</field>\n                <field name=\"CPU1\">1</field>\n                <field name=\"USER2\">关闭并不记录行号</field>\n                <field name=\"CPU2\">3</field>\n              </block>\n            </next>\n          </block>\n        </statement>\n      </block>\n    </statement>\n    <value name=\"TOPTYPE\">\n      <shadow type=\"type_null\" id=\"dU`6*xFhLfWCx34zp6u1\"/>\n    </value>\n    <value name=\"BOTTOMTYPE\">\n      <shadow type=\"type_null\" id=\"~^1Ds!kAr$$b%xe+=}.;\"/>\n    </value>\n    <value name=\"COLOUR\">\n      <block type=\"colour_hue\" id=\"`VdS.=;W9C3mFr#{f%`j\">\n        <mutation colour=\"#5b80a5\"/>\n        <field name=\"HUE\">210</field>\n      </block>\n    </value>\n    <value name=\"STATEMENT\">\n      <block type=\"statement_python\" id=\"?-B|uNb?9*6:m5Nh@?4q\">\n        <mutation options=\"2\"/>\n        <field name=\"USER0\">Blockly.Python.definitions_['micropython'] = 'import micropython';</field>\n        <field name=\"USER1\">Blockly.Python.definitions_['banquan'] = '# 此程序使用了GxxkSystemBlockAPI（缩写GSBlockAPI）或此模块（插件）的修改版';</field>\n      </block>\n    </value>\n    <value name=\"CODE\">\n      <block type=\"custom_code_left\" id=\"z,u6a`4:[GE8%P-.CX0/\">\n        <field name=\"PY_CODE\">'micropython.opt_level('+dropdown_value+')'+\"\\n\"</field>\n      </block>\n    </value>\n  </block>\n</xml>","blocksCode":"Blockly.Blocks['setoptlvl'] = {\n    init: function() {\n        this.appendDummyInput()\n            .appendField(\"设置编译模式为\")\n            .appendField(new Blockly.FieldDropdown([[\"开启\", \"0\"], [\"关闭\", \"1\"], [\"关闭并不记录行号\", \"3\"]]), \"value\");\n        this.setPreviousStatement(true, null);\n        this.setNextStatement(true, null);\n        this.setColour(210);\n        this.setTooltip('');\n        this.setHelpUrl('http://www.example.com/');\n    }\n};","generatorsCode":"Blockly.Python['setoptlvl'] = function(block) {\n    var dropdown_value = block.getFieldValue('value');\n    // TODO: Assemble Python into code variable.\n    Blockly.Python.definitions_['micropython'] = 'import micropython';\n    Blockly.Python.definitions_['banquan'] = '# 此程序使用了GxxkSystemBlockAPI（缩写GSBlockAPI）或此模块（插件）的修改版';\n    var code = 'micropython.opt_level('+dropdown_value+')'+\"\\n\";\n    return code;\n};"},{"id":1674197703508,"name":"setheap","select":false,"xml":"<xml xmlns=\"https://developers.google.com/blockly/xml\">\n  <block type=\"factory_base\" id=\"{jQT4L@Xq`Dat^Ro(p{n\" deletable=\"false\" movable=\"false\" x=\"10\" y=\"10\">\n    <mutation connections=\"BOTH\"/>\n    <field name=\"NAME\">setHeap</field>\n    <field name=\"INLINE\">AUTO</field>\n    <field name=\"CONNECTIONS\">BOTH</field>\n    <statement name=\"INPUTS\">\n      <block type=\"input_dummy\" id=\";[mq/acDymzN={kmIL8y\">\n        <field name=\"ALIGN\">LEFT</field>\n        <statement name=\"FIELDS\">\n          <block type=\"field_dropdown\" id=\";3`-aAiwP6j[Fxl58)KH\">\n            <mutation options=\"2\"/>\n            <field name=\"FIELDNAME\">NAME</field>\n            <field name=\"USER0\">锁定</field>\n            <field name=\"CPU0\">micropython.heap_lock()</field>\n            <field name=\"USER1\">解锁</field>\n            <field name=\"CPU1\">micropython.heap_unlock()</field>\n            <next>\n              <block type=\"field_static\" id=\"2^9OYHZ71FXN2U!3A`Z4\">\n                <field name=\"TEXT\">内存堆</field>\n              </block>\n            </next>\n          </block>\n        </statement>\n      </block>\n    </statement>\n    <value name=\"TOPTYPE\">\n      <shadow type=\"type_null\" id=\"IQOjuO2z94c~A.$j7v%?\"/>\n    </value>\n    <value name=\"BOTTOMTYPE\">\n      <shadow type=\"type_null\" id=\"uDL^Qq_/$a%So^F!1X[R\"/>\n    </value>\n    <value name=\"COLOUR\">\n      <block type=\"colour_hue\" id=\"vN|-w71]zo(T`G[,LD6N\">\n        <mutation colour=\"#5b80a5\"/>\n        <field name=\"HUE\">210</field>\n      </block>\n    </value>\n    <value name=\"STATEMENT\">\n      <block type=\"statement_python\" id=\"A6(0Rv*t^)[0mv#U3DV8\">\n        <mutation options=\"2\"/>\n        <field name=\"USER0\">Blockly.Python.definitions_['micropython'] = 'import micropython';</field>\n        <field name=\"USER1\">Blockly.Python.definitions_['banquan'] = '# 此程序使用了GxxkSystemBlockAPI（缩写GSBlockAPI）或此模块（插件）的修改版';</field>\n      </block>\n    </value>\n    <value name=\"CODE\">\n      <block type=\"custom_code_left\" id=\"ZA+6{-!gW%VGN$i/Pgzh\">\n        <field name=\"PY_CODE\">dropdown_name+\"\\n\"</field>\n      </block>\n    </value>\n  </block>\n</xml>","blocksCode":"Blockly.Blocks['setheap'] = {\n    init: function() {\n        this.appendDummyInput()\n            .appendField(new Blockly.FieldDropdown([[\"锁定\", \"micropython.heap_lock()\"], [\"解锁\", \"micropython.heap_unlock()\"]]), \"NAME\")\n            .appendField(\"内存堆\");\n        this.setPreviousStatement(true, null);\n        this.setNextStatement(true, null);\n        this.setColour(210);\n        this.setTooltip('');\n        this.setHelpUrl('http://www.example.com/');\n    }\n};","generatorsCode":"Blockly.Python['setheap'] = function(block) {\n    var dropdown_name = block.getFieldValue('NAME');\n    // TODO: Assemble Python into code variable.\n    Blockly.Python.definitions_['micropython'] = 'import micropython';\n    Blockly.Python.definitions_['banquan'] = '# 此程序使用了GxxkSystemBlockAPI（缩写GSBlockAPI）或此模块（插件）的修改版';\n    var code = dropdown_name+\"\\n\";\n    return code;\n};"},{"id":1674197294677,"name":"set2const","select":false,"xml":"<xml xmlns=\"https://developers.google.com/blockly/xml\">\n  <block type=\"factory_base\" id=\"P1}p_D1Z-)DjNt$I*msr\" deletable=\"false\" movable=\"false\" x=\"10\" y=\"10\">\n    <mutation connections=\"LEFT\"/>\n    <field name=\"NAME\">set2const</field>\n    <field name=\"INLINE\">AUTO</field>\n    <field name=\"CONNECTIONS\">LEFT</field>\n    <statement name=\"INPUTS\">\n      <block type=\"input_value\" id=\"G/(~pg`p@SVF8b9~8j$z\">\n        <field name=\"INPUTNAME\">value</field>\n        <field name=\"ALIGN\">LEFT</field>\n        <statement name=\"FIELDS\">\n          <block type=\"field_static\" id=\"2H-8}v~/(rs%lFa$aS/^\">\n            <field name=\"TEXT\">设置为常量</field>\n          </block>\n        </statement>\n        <value name=\"TYPE\">\n          <shadow type=\"type_null\" id=\"id{Jc8#:tAy#b-L;-Vfz\"/>\n        </value>\n      </block>\n    </statement>\n    <value name=\"OUTPUTTYPE\">\n      <shadow type=\"type_null\" id=\"$~py4C,@E:+.OD.C-st8\"/>\n    </value>\n    <value name=\"COLOUR\">\n      <block type=\"colour_hue\" id=\"oJ(fE=C8NDFe=)3Iy=F=\">\n        <mutation colour=\"#5b80a5\"/>\n        <field name=\"HUE\">210</field>\n      </block>\n    </value>\n    <value name=\"STATEMENT\">\n      <block type=\"statement_python\" id=\"J7o?8YF6w)aBqJ=dHvQ~\">\n        <mutation options=\"2\"/>\n        <field name=\"USER0\">Blockly.Python.definitions_['micropython'] = 'import micropython';</field>\n        <field name=\"USER1\">Blockly.Python.definitions_['banquan'] = '# 此程序使用了GxxkSystemBlockAPI（缩写GSBlockAPI）或此模块（插件）的修改版';</field>\n      </block>\n    </value>\n    <value name=\"CODE\">\n      <block type=\"custom_code_left\" id=\"R*XF;O{m@r0(?l;|az*6\">\n        <field name=\"PY_CODE\">'micropython.const('+value_value+')'</field>\n      </block>\n    </value>\n  </block>\n</xml>","blocksCode":"Blockly.Blocks['set2const'] = {\n    init: function() {\n        this.appendValueInput(\"value\")\n            .setCheck(null)\n            .appendField(\"设置为常量\");\n        this.setOutput(true, null);\n        this.setColour(210);\n        this.setTooltip('');\n        this.setHelpUrl('http://www.example.com/');\n    }\n};","generatorsCode":"Blockly.Python['set2const'] = function(block) {\n    var value_value = Blockly.Python.valueToCode(block, 'value', Blockly.Python.ORDER_ATOMIC);\n    // TODO: Assemble Python into code variable.\n    Blockly.Python.definitions_['micropython'] = 'import micropython';\n    Blockly.Python.definitions_['banquan'] = '# 此程序使用了GxxkSystemBlockAPI（缩写GSBlockAPI）或此模块（插件）的修改版';\n    var code = 'micropython.const('+value_value+')';\n    // TODO: Change ORDER_NONE to the correct strength.\n    return [code, Blockly.Python.ORDER_NONE];\n};"},{"id":1674196537581,"name":"type2bool","select":false,"xml":"<xml xmlns=\"https://developers.google.com/blockly/xml\">\n  <block type=\"factory_base\" id=\"*5d]^#`KsPC*0dTA3C8(\" deletable=\"false\" movable=\"false\" x=\"10\" y=\"10\">\n    <mutation connections=\"LEFT\"/>\n    <field name=\"NAME\">type2bool</field>\n    <field name=\"INLINE\">AUTO</field>\n    <field name=\"CONNECTIONS\">LEFT</field>\n    <statement name=\"INPUTS\">\n      <block type=\"input_value\" id=\"a6m(R0q3I]~JG;d5qmb;\">\n        <field name=\"INPUTNAME\">value</field>\n        <field name=\"ALIGN\">RIGHT</field>\n        <statement name=\"FIELDS\">\n          <block type=\"field_static\" id=\"e225|_Num5F,T0UmE$h1\">\n            <field name=\"TEXT\">转布尔值</field>\n          </block>\n        </statement>\n        <value name=\"TYPE\">\n          <shadow type=\"type_null\" id=\"9j/@p~p--ssf.QA:QY,H\"/>\n        </value>\n      </block>\n    </statement>\n    <value name=\"OUTPUTTYPE\">\n      <shadow type=\"type_null\" id=\"wi6yL6uq42uEnf?`Ttce\"/>\n      <block type=\"type_boolean\" id=\"uJXTDBW[CNCw!-9h;$Z;\"/>\n    </value>\n    <value name=\"COLOUR\">\n      <block type=\"colour_hue\" id=\"HP]i*,:@DA)gro:diB)D\">\n        <mutation colour=\"#5b80a5\"/>\n        <field name=\"HUE\">210</field>\n      </block>\n    </value>\n    <value name=\"STATEMENT\">\n      <block type=\"statement_python\" id=\"15VZBV6*j%QvJ*AMj($W\">\n        <mutation options=\"1\"/>\n        <field name=\"USER0\">Blockly.Python.definitions_['banquan'] = '# 此程序使用了GxxkSystemBlockAPI（缩写GSBlockAPI）或此模块（插件）的修改版';</field>\n      </block>\n    </value>\n    <value name=\"CODE\">\n      <block type=\"custom_code_left\" id=\"T,YUR@(2qgVODSNs_A?f\">\n        <field name=\"PY_CODE\">'bool('+value_value+')'</field>\n      </block>\n    </value>\n  </block>\n</xml>","blocksCode":"Blockly.Blocks['type2bool'] = {\n    init: function() {\n        this.appendValueInput(\"value\")\n            .setCheck(null)\n            .setAlign(Blockly.ALIGN_RIGHT)\n            .appendField(\"转布尔值\");\n        this.setOutput(true, \"Boolean\");\n        this.setColour(210);\n        this.setTooltip('');\n        this.setHelpUrl('http://www.example.com/');\n    }\n};","generatorsCode":"Blockly.Python['type2bool'] = function(block) {\n    var value_value = Blockly.Python.valueToCode(block, 'value', Blockly.Python.ORDER_ATOMIC);\n    // TODO: Assemble Python into code variable.\n    Blockly.Python.definitions_['banquan'] = '# 此程序使用了GxxkSystemBlockAPI（缩写GSBlockAPI）或此模块（插件）的修改版';\n    var code = 'bool('+value_value+')';\n    // TODO: Change ORDER_NONE to the correct strength.\n    return [code, Blockly.Python.ORDER_NONE];\n};"},{"id":1674189586479,"name":"bettervar_edit","select":false,"xml":"<xml xmlns=\"https://developers.google.com/blockly/xml\">\n  <block type=\"factory_base\" id=\"[||E|Qp!J}w$n)+f_e_c\" deletable=\"false\" movable=\"false\" x=\"10\" y=\"10\">\n    <mutation connections=\"BOTH\"/>\n    <field name=\"NAME\">betterVar_Edit</field>\n    <field name=\"INLINE\">AUTO</field>\n    <field name=\"CONNECTIONS\">BOTH</field>\n    <statement name=\"INPUTS\">\n      <block type=\"input_value\" id=\"b343])Z,,xU^_gN[1:E;\">\n        <field name=\"INPUTNAME\">value</field>\n        <field name=\"ALIGN\">LEFT</field>\n        <statement name=\"FIELDS\">\n          <block type=\"field_static\" id=\"Uj*bKR@fzdiwm=Lf;@9,\">\n            <field name=\"TEXT\">将变量</field>\n            <next>\n              <block type=\"field_input\" id=\"KC]Vrpj/iMzU;d^(i}KO\">\n                <field name=\"TEXT\">hello</field>\n                <field name=\"FIELDNAME\">varName</field>\n                <next>\n                  <block type=\"field_dropdown\" id=\"h)Rp_UQ+}PP`4K/];(JZ\">\n                    <mutation options=\"4\"/>\n                    <field name=\"FIELDNAME\">method</field>\n                    <field name=\"USER0\">增加</field>\n                    <field name=\"CPU0\">+</field>\n                    <field name=\"USER1\">减少</field>\n                    <field name=\"CPU1\">-</field>\n                    <field name=\"USER2\">乘</field>\n                    <field name=\"CPU2\">*</field>\n                    <field name=\"USER3\">除以</field>\n                    <field name=\"CPU3\">/</field>\n                  </block>\n                </next>\n              </block>\n            </next>\n          </block>\n        </statement>\n        <value name=\"TYPE\">\n          <shadow type=\"type_null\" id=\"w-v:WI_^xS-;hr{W0mHW\"/>\n        </value>\n      </block>\n    </statement>\n    <value name=\"TOPTYPE\">\n      <shadow type=\"type_null\" id=\",;FBB{UJOtR+Y21G!)p*\"/>\n    </value>\n    <value name=\"BOTTOMTYPE\">\n      <shadow type=\"type_null\" id=\"1.*Te=ufU34wOXWHi|2P\"/>\n    </value>\n    <value name=\"COLOUR\">\n      <block type=\"colour_hue\" id=\"tUh6Yu0$2Ftv+w#X{yfK\">\n        <mutation colour=\"#5b80a5\"/>\n        <field name=\"HUE\">210</field>\n      </block>\n    </value>\n    <value name=\"STATEMENT\">\n      <block type=\"statement_python\" id=\"?{ZP2^:38V7P.lkL0.F^\">\n        <mutation options=\"1\"/>\n        <field name=\"USER0\">Blockly.Python.definitions_['banquan'] = '# 此程序使用了GxxkSystemBlockAPI（缩写GSBlockAPI）或此模块（插件）的修改版';</field>\n      </block>\n    </value>\n    <value name=\"CODE\">\n      <block type=\"custom_code_left\" id=\"eR@orUeyfKwGJ=Nv)n/^\">\n        <field name=\"PY_CODE\">text_varname+dropdown_method+'='+value_value+\"\\n\"</field>\n      </block>\n    </value>\n  </block>\n</xml>","blocksCode":"Blockly.Blocks['bettervar_edit'] = {\n    init: function() {\n        this.appendValueInput(\"value\")\n            .setCheck(null)\n            .appendField(\"将变量\")\n            .appendField(new Blockly.FieldTextInput(\"hello\"), \"varName\")\n            .appendField(new Blockly.FieldDropdown([[\"增加\", \"+\"], [\"减少\", \"-\"], [\"乘\", \"*\"], [\"除以\", \"/\"]]), \"method\");\n        this.setPreviousStatement(true, null);\n        this.setNextStatement(true, null);\n        this.setColour(210);\n        this.setTooltip('');\n        this.setHelpUrl('http://www.example.com/');\n    }\n};","generatorsCode":"Blockly.Python['bettervar_edit'] = function(block) {\n    var text_varname = block.getFieldValue('varName');\n    var dropdown_method = block.getFieldValue('method');\n    var value_value = Blockly.Python.valueToCode(block, 'value', Blockly.Python.ORDER_ATOMIC);\n    // TODO: Assemble Python into code variable.\n    Blockly.Python.definitions_['banquan'] = '# 此程序使用了GxxkSystemBlockAPI（缩写GSBlockAPI）或此模块（插件）的修改版';\n    var code = text_varname+dropdown_method+'='+value_value+\"\\n\";\n    return code;\n};"},{"id":1674189030792,"name":"bettervar_set","select":false,"xml":"<xml xmlns=\"https://developers.google.com/blockly/xml\">\n  <block type=\"factory_base\" id=\"a$)JoTm?,I/lIs@!Fa,T\" deletable=\"false\" movable=\"false\" x=\"10\" y=\"10\">\n    <mutation connections=\"BOTH\"/>\n    <field name=\"NAME\">betterVar_Set</field>\n    <field name=\"INLINE\">AUTO</field>\n    <field name=\"CONNECTIONS\">BOTH</field>\n    <statement name=\"INPUTS\">\n      <block type=\"input_value\" id=\"wAo,1HkfuqWnK$:+b$IB\">\n        <field name=\"INPUTNAME\">value</field>\n        <field name=\"ALIGN\">LEFT</field>\n        <statement name=\"FIELDS\">\n          <block type=\"field_static\" id=\")(!+7I5ZDiR~cV]pDF[?\">\n            <field name=\"TEXT\">将变量</field>\n            <next>\n              <block type=\"field_input\" id=\",_Uiiepv9TSP6{|H)9em\">\n                <field name=\"TEXT\">hello</field>\n                <field name=\"FIELDNAME\">varName</field>\n                <next>\n                  <block type=\"field_static\" id=\"-0?9!D[NmS123=W?{bdL\">\n                    <field name=\"TEXT\">修改为</field>\n                  </block>\n                </next>\n              </block>\n            </next>\n          </block>\n        </statement>\n        <value name=\"TYPE\">\n          <shadow type=\"type_null\" id=\"9|f_h9|B,ns8;wE.qP,f\"/>\n        </value>\n      </block>\n    </statement>\n    <value name=\"TOPTYPE\">\n      <shadow type=\"type_null\" id=\"RcFH2rh?NXrKvSTscUj=\"/>\n    </value>\n    <value name=\"BOTTOMTYPE\">\n      <shadow type=\"type_null\" id=\"czhV@Q8$S6|OWQPE52b{\"/>\n    </value>\n    <value name=\"COLOUR\">\n      <block type=\"colour_hue\" id=\"9VzMgYD5VU1fGuRgl680\">\n        <mutation colour=\"#5b80a5\"/>\n        <field name=\"HUE\">210</field>\n      </block>\n    </value>\n    <value name=\"STATEMENT\">\n      <block type=\"statement_python\" id=\"^sd`lcJd[*]nj[0{nF_Z\">\n        <mutation options=\"1\"/>\n        <field name=\"USER0\">Blockly.Python.definitions_['banquan'] = '# 此程序使用了GxxkSystemBlockAPI（缩写GSBlockAPI）或此模块（插件）的修改版';</field>\n      </block>\n    </value>\n    <value name=\"CODE\">\n      <block type=\"custom_code_left\" id=\"Ak.RekUxT*,P`cy%mwE.\">\n        <field name=\"PY_CODE\">text_varname+'='+value_value+\"\\n\"</field>\n      </block>\n    </value>\n  </block>\n</xml>","blocksCode":"Blockly.Blocks['bettervar_set'] = {\n    init: function() {\n        this.appendValueInput(\"value\")\n            .setCheck(null)\n            .appendField(\"将变量\")\n            .appendField(new Blockly.FieldTextInput(\"hello\"), \"varName\")\n            .appendField(\"修改为\");\n        this.setPreviousStatement(true, null);\n        this.setNextStatement(true, null);\n        this.setColour(210);\n        this.setTooltip('');\n        this.setHelpUrl('http://www.example.com/');\n    }\n};","generatorsCode":"Blockly.Python['bettervar_set'] = function(block) {\n    var text_varname = block.getFieldValue('varName');\n    var value_value = Blockly.Python.valueToCode(block, 'value', Blockly.Python.ORDER_ATOMIC);\n    // TODO: Assemble Python into code variable.\n    Blockly.Python.definitions_['banquan'] = '# 此程序使用了GxxkSystemBlockAPI（缩写GSBlockAPI）或此模块（插件）的修改版';\n    var code = text_varname+'='+value_value+\"\\n\";\n    return code;\n};"},{"id":1674183405703,"name":"getpluginconfig","select":false,"xml":"<xml xmlns=\"https://developers.google.com/blockly/xml\">\n  <block type=\"factory_base\" id=\"=+H!IOhqlB?P#S$Nzuk/\" deletable=\"false\" movable=\"false\" x=\"10\" y=\"10\">\n    <mutation connections=\"LEFT\"/>\n    <field name=\"NAME\">getPluginConfig</field>\n    <field name=\"INLINE\">AUTO</field>\n    <field name=\"CONNECTIONS\">LEFT</field>\n    <statement name=\"INPUTS\">\n      <block type=\"input_dummy\" id=\"wR{4x|~:kpXx\\W{pE%\">\n        <field name=\"ALIGN\">LEFT</field>\n        <statement name=\"FIELDS\">\n          <block type=\"field_static\" id=\"YZt#V})bQ98[CUm{a.7B\">\n            <field name=\"TEXT\">获取插件配置</field>\n            <next>\n              <block type=\"field_input\" id=\"[R,~);ZE!]U;eoIYPmT%\">\n                <field name=\"TEXT\">id</field>\n                <field name=\"FIELDNAME\">id</field>\n              </block>\n            </next>\n          </block>\n        </statement>\n      </block>\n    </statement>\n    <value name=\"OUTPUTTYPE\">\n      <shadow type=\"type_null\" id=\"YW{=m.NLU5]ZWn$^bxVl\"/>\n    </value>\n    <value name=\"COLOUR\">\n      <block type=\"colour_hue\" id=\"lgcTrpyy7iHd[@~mT5wZ\">\n        <mutation colour=\"#5b80a5\"/>\n        <field name=\"HUE\">210</field>\n      </block>\n    </value>\n    <value name=\"STATEMENT\">\n      <block type=\"statement_python\" id=\"c8wimBl;)/Mw;:G5HNi5\">\n        <mutation options=\"2\"/>\n        <field name=\"USER0\">Blockly.Python.definitions_['GxxkSystemPluginApi'] = 'import GxxkSystem.pluginApi';</field>\n        <field name=\"USER1\">Blockly.Python.definitions_['banquan'] = '# 此程序使用了GxxkSystemBlockAPI（缩写GSBlockAPI）或此模块（插件）的修改版';</field>\n      </block>\n    </value>\n    <value name=\"CODE\">\n      <block type=\"custom_code_left\" id=\"owFGc`DA]O_wtH`RkG8N\">\n        <field name=\"PY_CODE\">'GxxkSystem.pluginApi.getPluginConfig(\"'+text_id+'\")'</field>\n      </block>\n    </value>\n  </block>\n</xml>","blocksCode":"Blockly.Blocks['getpluginconfig'] = {\n    init: function() {\n        this.appendDummyInput()\n            .appendField(\"获取插件配置\")\n            .appendField(new Blockly.FieldTextInput(\"id\"), \"id\");\n        this.setOutput(true, null);\n        this.setColour(210);\n        this.setTooltip('');\n        this.setHelpUrl('http://www.example.com/');\n    }\n};","generatorsCode":"Blockly.Python['getpluginconfig'] = function(block) {\n    var text_id = block.getFieldValue('id');\n    // TODO: Assemble Python into code variable.\n    Blockly.Python.definitions_['GxxkSystemPluginApi'] = 'import GxxkSystem.pluginApi';\n    Blockly.Python.definitions_['banquan'] = '# 此程序使用了GxxkSystemBlockAPI（缩写GSBlockAPI）或此模块（插件）的修改版';\n    var code = 'GxxkSystem.pluginApi.getPluginConfig(\"'+text_id+'\")';\n    // TODO: Change ORDER_NONE to the correct strength.\n    return [code, Blockly.Python.ORDER_NONE];\n};"},{"id":1674180156759,"name":"evalcode","select":false,"xml":"<xml xmlns=\"https://developers.google.com/blockly/xml\">\n  <block type=\"factory_base\" id=\"EZ7E1**(fZ4i/0]KQ*PK\" deletable=\"false\" movable=\"false\" x=\"10\" y=\"10\">\n    <mutation connections=\"LEFT\"/>\n    <field name=\"NAME\">evalCode</field>\n    <field name=\"INLINE\">AUTO</field>\n    <field name=\"CONNECTIONS\">LEFT</field>\n    <statement name=\"INPUTS\">\n      <block type=\"input_value\" id=\"5tJ_/)x}u}@(Ra:Yh_@Y\">\n        <field name=\"INPUTNAME\">code</field>\n        <field name=\"ALIGN\">LEFT</field>\n        <statement name=\"FIELDS\">\n          <block type=\"field_static\" id=\"qG2yD}}y2iWjzp$UXwx)\">\n            <field name=\"TEXT\">执行代码</field>\n          </block>\n        </statement>\n        <value name=\"TYPE\">\n          <shadow type=\"type_null\" id=\".u7U9V+=-,;g,(2_Q*[r\"/>\n        </value>\n      </block>\n    </statement>\n    <value name=\"OUTPUTTYPE\">\n      <shadow type=\"type_null\" id=\"x7=/I:%;+|D?$*p_lqgJ\"/>\n    </value>\n    <value name=\"COLOUR\">\n      <block type=\"colour_hue\" id=\"iinbdC?dm[l2RP`Dipk?\">\n        <mutation colour=\"#5b80a5\"/>\n        <field name=\"HUE\">210</field>\n      </block>\n    </value>\n    <value name=\"STATEMENT\">\n      <block type=\"statement_python\" id=\"3^47]2}GMo2is2TBe*[A\">\n        <mutation options=\"1\"/>\n        <field name=\"USER0\">Blockly.Python.definitions_['banquan'] = '# 此程序使用了GxxkSystemBlockAPI（缩写GSBlockAPI）或此模块（插件）的修改版';</field>\n      </block>\n    </value>\n    <value name=\"CODE\">\n      <block type=\"custom_code_left\" id=\"o]j%h!@p/QP3LfnGBH?{\">\n        <field name=\"PY_CODE\">'eval(\"'+value_code+'\")'</field>\n      </block>\n    </value>\n  </block>\n</xml>","blocksCode":"Blockly.Blocks['evalcode'] = {\n    init: function() {\n        this.appendValueInput(\"code\")\n            .setCheck(null)\n            .appendField(\"执行代码\");\n        this.setOutput(true, null);\n        this.setColour(210);\n        this.setTooltip('');\n        this.setHelpUrl('http://www.example.com/');\n    }\n};","generatorsCode":"Blockly.Python['evalcode'] = function(block) {\n    var value_code = Blockly.Python.valueToCode(block, 'code', Blockly.Python.ORDER_ATOMIC);\n    // TODO: Assemble Python into code variable.\n    Blockly.Python.definitions_['banquan'] = '# 此程序使用了GxxkSystemBlockAPI（缩写GSBlockAPI）或此模块（插件）的修改版';\n    var code = 'eval(\"'+value_code+'\")';\n    // TODO: Change ORDER_NONE to the correct strength.\n    return [code, Blockly.Python.ORDER_NONE];\n};"},{"id":1674178457258,"name":"betterconnectwifi","select":false,"xml":"<xml xmlns=\"https://developers.google.com/blockly/xml\">\n  <block type=\"factory_base\" id=\"0dp]XX|($zJwQ.uCe0gK\" deletable=\"false\" movable=\"false\" x=\"10\" y=\"10\">\n    <mutation connections=\"BOTH\"/>\n    <field name=\"NAME\">betterConnectWiFi</field>\n    <field name=\"INLINE\">AUTO</field>\n    <field name=\"CONNECTIONS\">BOTH</field>\n    <statement name=\"INPUTS\">\n      <block type=\"input_dummy\" id=\"|aw({?QVUmSB,:35fEPc\">\n        <field name=\"ALIGN\">LEFT</field>\n        <statement name=\"FIELDS\">\n          <block type=\"field_static\" id=\"Bp`(OrJeTFOr|6x6-gal\">\n            <field name=\"TEXT\">更好地连接WiFi</field>\n          </block>\n        </statement>\n        <next>\n          <block type=\"input_value\" id=\"W]pHch6o~fL#tB7~FIU{\">\n            <field name=\"INPUTNAME\">wifiName</field>\n            <field name=\"ALIGN\">LEFT</field>\n            <statement name=\"FIELDS\">\n              <block type=\"field_static\" id=\"LBKsl)~9WfX#}RsBC;A|\">\n                <field name=\"TEXT\">WiFi名</field>\n              </block>\n            </statement>\n            <value name=\"TYPE\">\n              <shadow type=\"type_null\" id=\"7$68eetn(u`y}M]`69x@\"/>\n              <block type=\"type_string\" id=\"._LBX9RRlQ.3]?U/(#~v\"/>\n            </value>\n            <next>\n              <block type=\"input_value\" id=\"KRW8.`U4QkMh?pmC7}jn\">\n                <field name=\"INPUTNAME\">wifiPwd</field>\n                <field name=\"ALIGN\">LEFT</field>\n                <statement name=\"FIELDS\">\n                  <block type=\"field_static\" id=\"/p3Zsk^6^8.2Z+(0@_:o\">\n                    <field name=\"TEXT\">WiFi密码</field>\n                  </block>\n                </statement>\n                <value name=\"TYPE\">\n                  <shadow type=\"type_null\"/>\n                  <block type=\"type_string\" id=\"+/AcmO9$QC[yk~)^q(gb\"/>\n                </value>\n              </block>\n            </next>\n          </block>\n        </next>\n      </block>\n    </statement>\n    <value name=\"TOPTYPE\">\n      <shadow type=\"type_null\" id=\"szZ{gzGZf5Xv|@WjKl]S\"/>\n    </value>\n    <value name=\"BOTTOMTYPE\">\n      <shadow type=\"type_null\" id=\",;.kf4S[}w8zNa0}P@g%\"/>\n    </value>\n    <value name=\"COLOUR\">\n      <block type=\"colour_hue\" id=\";:?LQl,×E,Wv=}MH|@\">\n        <mutation colour=\"#5b80a5\"/>\n        <field name=\"HUE\">210</field>\n      </block>\n    </value>\n    <value name=\"STATEMENT\">\n      <block type=\"statement_python\" id=\"5L)c!TN%$;Y,`Li~9I^,\">\n        <mutation options=\"3\"/>\n        <field name=\"USER0\">Blockly.Python.definitions_['import_mpython'] = 'from mpython import *';</field>\n        <field name=\"USER1\">Blockly.Python.definitions_['wifi'] = 'wifi=wifi()';</field>\n        <field name=\"USER2\">Blockly.Python.definitions_['banquan'] = '# 此程序使用了GxxkSystemBlockAPI（缩写GSBlockAPI）或此模块（插件）的修改版';</field>\n      </block>\n    </value>\n    <value name=\"CODE\">\n      <block type=\"custom_code_left\" id=\";49-$eIV{|Tr+X]T/,)f\">\n        <field name=\"PY_CODE\">'wifi.connectWiFi('+value_wifiname+','+value_wifipwd+')'+\"\\n\"</field>\n      </block>\n    </value>\n  </block>\n</xml>","blocksCode":"Blockly.Blocks['betterconnectwifi'] = {\n    init: function() {\n        this.appendDummyInput()\n            .appendField(\"更好地连接WiFi\");\n        this.appendValueInput(\"wifiName\")\n            .setCheck(\"String\")\n            .appendField(\"WiFi名\");\n        this.appendValueInput(\"wifiPwd\")\n            .setCheck(\"String\")\n            .appendField(\"WiFi密码\");\n        this.setPreviousStatement(true, null);\n        this.setNextStatement(true, null);\n        this.setColour(210);\n        this.setTooltip('');\n        this.setHelpUrl('http://www.example.com/');\n    }\n};","generatorsCode":"Blockly.Python['betterconnectwifi'] = function(block) {\n    var value_wifiname = Blockly.Python.valueToCode(block, 'wifiName', Blockly.Python.ORDER_ATOMIC);\n    var value_wifipwd = Blockly.Python.valueToCode(block, 'wifiPwd', Blockly.Python.ORDER_ATOMIC);\n    // TODO: Assemble Python into code variable.\n    Blockly.Python.definitions_['import_mpython'] = 'from mpython import *';\n    Blockly.Python.definitions_['wifi'] = 'wifi=wifi()';\n    Blockly.Python.definitions_['banquan'] = '# 此程序使用了GxxkSystemBlockAPI（缩写GSBlockAPI）或此模块（插件）的修改版';\n    var code = 'wifi.connectWiFi('+value_wifiname+','+value_wifipwd+')'+\"\\n\";\n    return code;\n};"},{"id":1674131646102,"name":"memcollect","select":false,"xml":"<xml xmlns=\"https://developers.google.com/blockly/xml\">\n  <block type=\"factory_base\" id=\"${V2F,X{I::XdMSf|4Cj\" deletable=\"false\" movable=\"false\" x=\"10\" y=\"10\">\n    <mutation connections=\"BOTH\"/>\n    <field name=\"NAME\">memCollect</field>\n    <field name=\"INLINE\">AUTO</field>\n    <field name=\"CONNECTIONS\">BOTH</field>\n    <statement name=\"INPUTS\">\n      <block type=\"input_dummy\" id=\"V]UA~?J#XYD4xVfS|5+T\">\n        <field name=\"ALIGN\">LEFT</field>\n        <statement name=\"FIELDS\">\n          <block type=\"field_dropdown\" id=\"S]^*B?Ty(QF`rW9JXSJ9\">\n            <mutation options=\"3\"/>\n            <field name=\"FIELDNAME\">select</field>\n            <field name=\"USER0\">进行</field>\n            <field name=\"CPU0\">collect()</field>\n            <field name=\"USER1\">开启</field>\n            <field name=\"CPU1\">enable()</field>\n            <field name=\"USER2\">禁用</field>\n            <field name=\"CPU2\">disable()</field>\n            <next>\n              <block type=\"field_static\" id=\"$G#s_tmgZ1{guSOFhGwS\">\n                <field name=\"TEXT\">内存回收</field>\n              </block>\n            </next>\n          </block>\n        </statement>\n      </block>\n    </statement>\n    <value name=\"TOPTYPE\">\n      <shadow type=\"type_null\" id=\"A3z:XyCvun64_y=FSYwx\"/>\n    </value>\n    <value name=\"BOTTOMTYPE\">\n      <shadow type=\"type_null\" id=\"1I%%suxndSf#qe?U{pZ}\"/>\n    </value>\n    <value name=\"COLOUR\">\n      <block type=\"colour_hue\" id=\"d!B|.|vm!Iy0OpMmnWu[\">\n        <mutation colour=\"#5b80a5\"/>\n        <field name=\"HUE\">210</field>\n      </block>\n    </value>\n    <value name=\"STATEMENT\">\n      <block type=\"statement_python\" id=\"`p,~V3l}m^E;Bwlrw!Bn\">\n        <mutation options=\"2\"/>\n        <field name=\"USER0\">Blockly.Python.definitions_['gc'] = 'import gc';</field>\n        <field name=\"USER1\">Blockly.Python.definitions_['banquan'] = '# 此程序使用了GxxkSystemBlockAPI（缩写GSBlockAPI）或此模块（插件）的修改版';</field>\n      </block>\n    </value>\n    <value name=\"CODE\">\n      <block type=\"custom_code_left\" id=\"(M{X=u_|olsfAih2qO60\">\n        <field name=\"PY_CODE\">'gc.'+dropdown_select+'\\n'</field>\n      </block>\n    </value>\n  </block>\n</xml>","blocksCode":"Blockly.Blocks['memcollect'] = {\n    init: function() {\n        this.appendDummyInput()\n            .appendField(new Blockly.FieldDropdown([[\"进行\", \"collect()\"], [\"开启\", \"enable()\"], [\"禁用\", \"disable()\"]]), \"select\")\n            .appendField(\"内存回收\");\n        this.setPreviousStatement(true, null);\n        this.setNextStatement(true, null);\n        this.setColour(210);\n        this.setTooltip('');\n        this.setHelpUrl('http://www.example.com/');\n    }\n};","generatorsCode":"Blockly.Python['memcollect'] = function(block) {\n    var dropdown_select = block.getFieldValue('select');\n    // TODO: Assemble Python into code variable.\n    Blockly.Python.definitions_['gc'] = 'import gc';\n    Blockly.Python.definitions_['banquan'] = '# 此程序使用了GxxkSystemBlockAPI（缩写GSBlockAPI）或此模块（插件）的修改版';\n    var code = 'gc.'+dropdown_select+'\\n';\n    return code;\n};"},{"id":1674130712774,"name":"importmodule","select":false,"xml":"<xml xmlns=\"https://developers.google.com/blockly/xml\">\n  <block type=\"factory_base\" id=\"uki0GZPg):339I6ScLyq\" deletable=\"false\" movable=\"false\" x=\"10\" y=\"10\">\n    <mutation connections=\"BOTH\"/>\n    <field name=\"NAME\">importModule</field>\n    <field name=\"INLINE\">AUTO</field>\n    <field name=\"CONNECTIONS\">BOTH</field>\n    <statement name=\"INPUTS\">\n      <block type=\"input_dummy\" id=\"lnOcGt2d{m9X.p0bg6]E\">\n        <field name=\"ALIGN\">LEFT</field>\n        <statement name=\"FIELDS\">\n          <block type=\"field_static\" id=\".21~)(Z?~=MPdu$sTJ!h\">\n            <field name=\"TEXT\">导入模块</field>\n            <next>\n              <block type=\"field_input\" id=\":RBjsKn:h+_g|x{@VB?K\">\n                <field name=\"TEXT\">module</field>\n                <field name=\"FIELDNAME\">module</field>\n              </block>\n            </next>\n          </block>\n        </statement>\n      </block>\n    </statement>\n    <value name=\"TOPTYPE\">\n      <shadow type=\"type_null\" id=\"~NgL{p2H]^RpY/pvv#Y^\"/>\n    </value>\n    <value name=\"BOTTOMTYPE\">\n      <shadow type=\"type_null\" id=\"dN2dUn1Jfq3S%woJsB4^\"/>\n    </value>\n    <value name=\"COLOUR\">\n      <block type=\"colour_hue\" id=\"oQ1{jn:#[k-nb+=c]A]i\">\n        <mutation colour=\"#5b80a5\"/>\n        <field name=\"HUE\">210</field>\n      </block>\n    </value>\n    <value name=\"STATEMENT\">\n      <block type=\"statement_python\" id=\"n4WSwZC=B|ePrTg%_qbj\">\n        <mutation options=\"1\"/>\n        <field name=\"USER0\">Blockly.Python.definitions_['banquan'] = '# 此程序使用了GxxkSystemBlockAPI（缩写GSBlockAPI）或此模块（插件）的修改版';</field>\n      </block>\n    </value>\n    <value name=\"CODE\">\n      <block type=\"custom_code_left\" id=\"xSR^.pzBmER!5#1owx{P\">\n        <field name=\"PY_CODE\">'import '+text_module+\"\\n\"</field>\n      </block>\n    </value>\n  </block>\n</xml>","blocksCode":"Blockly.Blocks['importmodule'] = {\n    init: function() {\n        this.appendDummyInput()\n            .appendField(\"导入模块\")\n            .appendField(new Blockly.FieldTextInput(\"module\"), \"module\");\n        this.setPreviousStatement(true, null);\n        this.setNextStatement(true, null);\n        this.setColour(210);\n        this.setTooltip('');\n        this.setHelpUrl('http://www.example.com/');\n    }\n};","generatorsCode":"Blockly.Python['importmodule'] = function(block) {\n    var text_module = block.getFieldValue('module');\n    // TODO: Assemble Python into code variable.\n    Blockly.Python.definitions_['banquan'] = '# 此程序使用了GxxkSystemBlockAPI（缩写GSBlockAPI）或此模块（插件）的修改版';\n    var code = 'import '+text_module+\"\\n\";\n    return code;\n};"},{"id":1674122533224,"name":"execcode","select":false,"xml":"<xml xmlns=\"https://developers.google.com/blockly/xml\">\n  <block type=\"factory_base\" id=\"BCP0tlxut]V,Te-%w1My\" deletable=\"false\" movable=\"false\" x=\"10\" y=\"10\">\n    <mutation connections=\"BOTH\"/>\n    <field name=\"NAME\">execCode</field>\n    <field name=\"INLINE\">AUTO</field>\n    <field name=\"CONNECTIONS\">BOTH</field>\n    <statement name=\"INPUTS\">\n      <block type=\"input_value\" id=\"Idj8n=G;Rr*@DZH(dQ^d\">\n        <field name=\"INPUTNAME\">code</field>\n        <field name=\"ALIGN\">LEFT</field>\n        <statement name=\"FIELDS\">\n          <block type=\"field_static\" id=\"t-_7;egJPXQMr+C=ElMW\">\n            <field name=\"TEXT\">执行代码</field>\n          </block>\n        </statement>\n        <value name=\"TYPE\">\n          <shadow type=\"type_null\" id=\"HEf=v%WL$=%wq=/Z|bD[\"/>\n          <block type=\"type_string\" id=\"IrzjK@N{:P*l2RY{W,9~\"/>\n        </value>\n      </block>\n    </statement>\n    <value name=\"TOPTYPE\">\n      <shadow type=\"type_null\" id=\"F:)uX@VdWQ@`azH5^RCJ\"/>\n    </value>\n    <value name=\"BOTTOMTYPE\">\n      <shadow type=\"type_null\" id=\"Vj2QPX*(KQL`i6T!070]\"/>\n    </value>\n    <value name=\"COLOUR\">\n      <block type=\"colour_hue\" id=\"E_9OwV=y%9$C@e;dZ)5s\">\n        <mutation colour=\"#5b80a5\"/>\n        <field name=\"HUE\">210</field>\n      </block>\n    </value>\n    <value name=\"STATEMENT\">\n      <block type=\"statement_python\" id=\"l~#GA0J7:!+O~W||}!17\">\n        <mutation options=\"1\"/>\n        <field name=\"USER0\">Blockly.Python.definitions_['banquan'] = '# 此程序使用了GxxkSystemBlockAPI（缩写GSBlockAPI）或此模块（插件）的修改版';</field>\n      </block>\n    </value>\n    <value name=\"CODE\">\n      <block type=\"custom_code_left\" id=\"^+/}eCv9-]/IM6#qB7s{\">\n        <field name=\"PY_CODE\">\"exec(\"+value_code+\")\\n\"</field>\n      </block>\n    </value>\n  </block>\n</xml>","blocksCode":"Blockly.Blocks['execcode'] = {\n    init: function() {\n        this.appendValueInput(\"code\")\n            .setCheck(\"String\")\n            .appendField(\"执行代码\");\n        this.setPreviousStatement(true, null);\n        this.setNextStatement(true, null);\n        this.setColour(210);\n        this.setTooltip('');\n        this.setHelpUrl('http://www.example.com/');\n    }\n};","generatorsCode":"Blockly.Python['execcode'] = function(block) {\n    var value_code = Blockly.Python.valueToCode(block, 'code', Blockly.Python.ORDER_ATOMIC);\n    // TODO: Assemble Python into code variable.\n    Blockly.Python.definitions_['banquan'] = '# 此程序使用了GxxkSystemBlockAPI（缩写GSBlockAPI）或此模块（插件）的修改版';\n    var code = \"exec(\"+value_code+\")\\n\";\n    return code;\n};"}]