<category name="GSBlockAPI">
<block type="execcode_text"></block>
<block type="getvarvalue"></block>
<block type="waituserinput"></block>
<block type="back2gxxksystem"></block>
<block type="writepluginconfig"></block>
<block type="getmemfree"></block>
<block type="hashstr"></block>
<block type="set_insurance_ram_allocation_value"></block>
<block type="setoptlvl"></block>
<block type="setheap"></block>
<block type="set2const"></block>
<block type="type2bool"></block>
<block type="bettervar_edit"></block>
<block type="bettervar_set"></block>
<block type="getpluginconfig"></block>
<block type="evalcode"></block>
<block type="betterconnectwifi"></block>
<block type="memcollect"></block>
<block type="importmodule"></block>
<block type="execcode"></block>
</category>